{"anyObjects":[{"prefabName":"Base_Cube","name":"Base_Cube","position":{"x":0.010875985026359558,"y":0.9800000190734863,"z":0.49322447180747988},"scale":{"x":20.0,"y":1.0,"z":20.0},"rotation":{"x":0.0,"y":0.0,"z":0.0,"w":1.0}}]}